update,epoch,batch,learning_rate,hinge_loss,regularization_loss,total_loss,violation_rate
1,1,1,0.05,0.8765815496444702,1.5466191107407214e-07,0.8765817043063813,0.99951171875
2,1,2,0.035355339059327376,0.808304488658905,4.277234431356192e-07,0.8083049163823481,0.990234375
3,1,3,0.02886751345948129,0.7523272633552551,7.099461276084185e-07,0.7523279733013828,0.95361328125
4,1,4,0.025,0.7225143909454346,9.414982050657273e-07,0.7225153324436396,0.94580078125
5,1,5,0.022360679774997897,0.7386446595191956,1.097614783793688e-06,0.7386457571339794,0.9453125
6,1,6,0.020412414523193152,0.7274996638298035,1.2430180795490743e-06,0.727500906847883,0.9462890625
7,1,7,0.01889822365046136,0.7100059390068054,1.3869751244783402e-06,0.71000732598193,0.94189453125
8,1,8,0.017677669529663688,0.6963761448860168,1.502387598156929e-06,0.696377647273615,0.92529296875
9,1,9,0.016666666666666666,0.6929330825805664,1.6411371529102325e-06,0.6929347237177194,0.9404296875
10,1,10,0.015811388300841896,0.687751054763794,1.768828369677067e-06,0.6877528235921636,0.935546875
11,1,11,0.015075567228888182,0.675117015838623,1.8960090354084969e-06,0.6751189118476585,0.93408203125
12,1,12,0.014433756729740645,0.6514719724655151,2.0179105922579767e-06,0.6514739903761074,0.9228515625
13,1,13,0.01386750490563073,0.6669835448265076,2.128070592880249e-06,0.6669856728971004,0.92626953125
14,1,14,0.01336306209562122,0.6824726462364197,2.2229760885238647e-06,0.6824748692125082,0.92626953125
15,1,15,0.012909944487358056,0.6356786489486694,2.3329760879278184e-06,0.6356809819247574,0.912109375
16,1,16,0.0125,0.6689345240592957,2.4235673248767854e-06,0.6689369476266205,0.91943359375
17,1,17,0.012126781251816649,0.6552214622497559,2.524753659963608e-06,0.6552239870034158,0.9189453125
18,1,18,0.011785113019775794,0.643449604511261,2.619173564016819e-06,0.643452223684825,0.904296875
19,1,19,0.011470786693528088,0.6384440660476685,2.7083741500973705e-06,0.6384467744218185,0.90234375
20,1,20,0.011180339887498949,0.6221989393234253,2.7991855517029764e-06,0.622201738508977,0.89111328125
21,1,21,0.010910894511799621,0.6357743144035339,2.886088564991951e-06,0.635777200492099,0.88330078125
22,1,22,0.010660035817780522,0.6312201619148254,2.9682019725441934e-06,0.631223130116798,0.8828125
23,1,23,0.01042572070285374,0.6264085173606873,3.05179487913847e-06,0.6264115691555664,0.88232421875
24,1,24,0.010206207261596576,0.6237427592277527,3.133191540837288e-06,0.6237458924192936,0.88232421875
25,1,25,0.01,0.6082138419151306,3.2053906470537187e-06,0.6082170473057776,0.8544921875
26,1,26,0.009805806756909202,0.6222759485244751,3.2678760588169098e-06,0.622279216400534,0.8525390625
27,1,27,0.009622504486493762,0.6247026920318604,3.335980698466301e-06,0.6247060280125588,0.8603515625
28,1,28,0.00944911182523068,0.6300047636032104,3.391116112470627e-06,0.6300081547193229,0.85302734375
29,1,29,0.009284766908852594,0.6008049845695496,3.4564536064863205e-06,0.600808441023156,0.84521484375
30,1,30,0.009128709291752768,0.6337559819221497,3.5144228488206865e-06,0.6337594963449985,0.84814453125
31,1,31,0.008980265101338746,0.5906633734703064,3.571116551756859e-06,0.5906669445868582,0.814453125
32,1,32,0.008838834764831844,0.606211245059967,3.624960780143738e-06,0.6062148700207471,0.82568359375
33,1,33,0.008703882797784893,0.5826066732406616,3.677356615662575e-06,0.5826103505972773,0.81689453125
34,1,34,0.008574929257125443,0.608417809009552,3.7218701094388962e-06,0.6084215308796614,0.82470703125
35,1,35,0.008451542547285166,0.6185609102249146,3.7735074758529665e-06,0.6185646837323904,0.82666015625
36,1,36,0.008333333333333333,0.6058403253555298,3.822050243616104e-06,0.6058441474057734,0.81982421875
37,1,37,0.008219949365267865,0.5903865694999695,3.873014077544213e-06,0.590390442514047,0.81298828125
38,1,38,0.008111071056538128,0.6111752986907959,3.9114903658628465e-06,0.6111792101811617,0.8037109375
39,1,39,0.008006407690254357,0.5840315818786621,3.9511628448963166e-06,0.584035533041507,0.79443359375
40,1,40,0.007905694150420948,0.6083711981773376,3.990380838513375e-06,0.6083751885581762,0.80517578125
41,1,41,0.007808688094430304,0.6489117741584778,4.018760845065117e-06,0.6489157929193229,0.80859375
42,1,42,0.007715167498104596,0.6066927909851074,4.0637753903865814e-06,0.6066968547604978,0.8046875
43,1,43,0.007624928516630234,0.6081351637840271,4.098427668213845e-06,0.6081392622116953,0.78955078125
44,1,44,0.007537783614444091,0.6040111780166626,4.136722534894943e-06,0.6040153147391975,0.791015625
45,1,45,0.007453559924999299,0.5794484615325928,4.1738960891962055e-06,0.579452635428682,0.77880859375
46,1,46,0.007372097807744857,0.599020779132843,4.210972413420677e-06,0.5990249901052564,0.7939453125
47,1,47,0.007293249574894728,0.5707985758781433,4.246495291590691e-06,0.5708028223734349,0.7626953125
48,1,48,0.007216878364870323,0.6013607382774353,4.285712540149689e-06,0.6013650239899755,0.79833984375
49,1,49,0.0071428571428571435,0.5916146636009216,4.3194893747568135e-06,0.5916189830902964,0.7822265625
50,1,50,0.007071067811865475,0.5829158425331116,4.355872794985771e-06,0.5829201984059066,0.77587890625
51,1,51,0.007001400420140049,0.602334201335907,4.388058558106422e-06,0.602338589394465,0.78271484375
52,1,52,0.006933752452815365,0.6089701056480408,4.4169515371322634e-06,0.6089745225995778,0.77783203125
53,1,53,0.006868028197434452,0.6016993522644043,4.441973194479942e-06,0.6017037942375988,0.779296875
54,1,54,0.006804138174397717,0.5991084575653076,4.469029605388641e-06,0.599112926594913,0.7734375
55,1,55,0.006741998624632421,0.5987022519111633,4.494933038949967e-06,0.5987067468442023,0.76513671875
56,1,56,0.00668153104781061,0.5852466225624084,4.526180401444435e-06,0.5852511487428099,0.77978515625
57,1,57,0.006622661785325219,0.594526469707489,4.553206264972687e-06,0.594531022913754,0.76318359375
58,1,58,0.006565321642986128,0.6099608540534973,4.574604704976082e-06,0.6099654286582022,0.7744140625
59,1,59,0.0065094455490411944,0.6150128841400146,4.596392437815667e-06,0.6150174805324524,0.76904296875
60,1,60,0.006454972243679028,0.570741593837738,4.621545597910881e-06,0.5707462153833359,0.7470703125
61,1,61,0.0064018439966448,0.6039066314697266,4.6499747782945635e-06,0.6039112814445049,0.779296875
62,1,62,0.006350006350009525,0.5896089673042297,4.67698909342289e-06,0.5896136442933232,0.763671875
63,1,63,0.00629940788348712,0.5581855177879333,4.707907140254974e-06,0.5581902256950736,0.7517106549364614
64,2,1,0.00625,0.5670087933540344,4.737534746527672e-06,0.5670135308887809,0.759765625
65,2,2,0.006201736729460424,0.5595830082893372,4.7683086246252066e-06,0.5595877765979618,0.74609375
66,2,3,0.006154574548966636,0.5485084056854248,4.8009864985942845e-06,0.5485132066719234,0.74951171875
67,2,4,0.006108472217815261,0.5807641744613647,4.826224595308304e-06,0.58076900068596,0.75732421875
68,2,5,0.006063390625908324,0.5675157904624939,4.854512959718705e-06,0.5675206449754536,0.75146484375
69,2,6,0.00601929265428846,0.6037298440933228,4.877536371350289e-06,0.6037347216296941,0.76806640625
70,2,7,0.005976143046671968,0.6059553623199463,4.897904396057129e-06,0.6059602602243424,0.76513671875
71,2,8,0.005933908290969267,0.6256348490715027,4.917221888899803e-06,0.6256397662933916,0.7744140625
72,2,9,0.005892556509887897,0.5955500602722168,4.934054240584374e-06,0.5955549943264574,0.75
73,2,10,0.005852057359806529,0.5798999667167664,4.953185096383095e-06,0.5799049199018628,0.74658203125
74,2,11,0.005812381937190965,0.5837678909301758,4.974976927042007e-06,0.5837728659071029,0.74951171875
75,2,12,0.005773502691896257,0.5900578498840332,4.997747391462326e-06,0.5900628476314247,0.75146484375
76,2,13,0.005735393346764044,0.5857881903648376,5.0167318433523184e-06,0.585793207096681,0.74365234375
77,2,14,0.005698028822981897,0.5636262893676758,5.040450766682625e-06,0.5636313298184424,0.7373046875
78,2,15,0.005661385170722979,0.5538380146026611,5.063047632575035e-06,0.5538430776502937,0.74169921875
79,2,16,0.00562543950463012,0.5726427435874939,5.08539341390133e-06,0.5726478289809078,0.7490234375
80,2,17,0.005590169943749474,0.5779078006744385,5.110990256071091e-06,0.5779129116646945,0.740234375
81,2,18,0.005555555555555556,0.5568981170654297,5.133628472685814e-06,0.5569032506939023,0.72705078125
82,2,19,0.005521576303742327,0.5899797081947327,5.148717761039734e-06,0.5899848569124937,0.7392578125
83,2,20,0.005488212999484518,0.6058588027954102,5.163043737411499e-06,0.6058639658391476,0.75048828125
84,2,21,0.0054554472558998104,0.5735270977020264,5.1820337772369385e-06,0.5735322797358036,0.7294921875
85,2,22,0.005423261445466405,0.5980249047279358,5.1972262561321265e-06,0.5980301019541919,0.7333984375
86,2,23,0.005391638660171921,0.5838871002197266,5.215480551123619e-06,0.5838923157002777,0.732421875
87,2,24,0.005360562674188974,0.5721873044967651,5.234717577695847e-06,0.5721925392143429,0.740234375
88,2,25,0.005330017908890261,0.5852661728858948,5.248860642313958e-06,0.5852714217465371,0.736328125
89,2,26,0.005299989400031801,0.5948846340179443,5.2681371569633485e-06,0.5948899021551013,0.75146484375
90,2,27,0.005270462766947299,0.593756914138794,5.286305397748947e-06,0.5937622004441917,0.74365234375
91,2,28,0.005241424183609592,0.5707338452339172,5.306788533926011e-06,0.5707391520224512,0.732421875
92,2,29,0.00521286035142687,0.5942206978797913,5.3229682147502906e-06,0.594226020848006,0.7421875
93,2,30,0.0051847584736521264,0.5755891799926758,5.3405705839395525e-06,0.5755945205632598,0.73193359375
94,2,31,0.005157106231293967,0.578369140625,5.3584292531013495e-06,0.5783744990542531,0.724609375
95,2,32,0.005129891760425771,0.5799879431724548,5.3825329989194875e-06,0.5799933257054537,0.7294921875
96,2,33,0.005103103630798288,0.569605827331543,5.4020825773477554e-06,0.5696112294141203,0.72802734375
97,2,34,0.005076730825668096,0.5949068069458008,5.416601896286011e-06,0.594912223547697,0.7275390625
98,2,35,0.0050507627227610544,0.6000004410743713,5.431079491972924e-06,0.6000058721538634,0.7353515625
99,2,36,0.005025189076296061,0.6009052395820618,5.444293469190598e-06,0.6009106838755309,0.73046875
100,2,37,0.005,0.5691186189651489,5.459677428007126e-06,0.569124078642577,0.71826171875
101,2,38,0.004975185951049946,0.5834269523620605,5.4753929376602175e-06,0.5834324277549983,0.728515625
102,2,39,0.004950737714883372,0.5896560549736023,5.489631742238999e-06,0.5896615446053445,0.7392578125
103,2,40,0.004926646390821466,0.6013468503952026,5.5030498653650284e-06,0.601352353445068,0.73193359375
104,2,41,0.004902903378454601,0.580855667591095,5.513900518417359e-06,0.5808611814916134,0.70703125
105,2,42,0.004879500364742667,0.5789581537246704,5.533513426780701e-06,0.5789636872380972,0.73046875
106,2,43,0.004856429311786321,0.5768296122550964,5.550072714686394e-06,0.5768351623278111,0.73388671875
107,2,44,0.0048336824452283175,0.5743716359138489,5.567584931850433e-06,0.5743772034987807,0.7392578125
108,2,45,0.004811252243246881,0.5669821500778198,5.583798140287399e-06,0.5669877338759601,0.712890625
109,2,46,0.004789131426105757,0.5705812573432922,5.602396652102471e-06,0.5705868597399444,0.7197265625
110,2,47,0.0047673129462279615,0.5530036091804504,5.618372932076455e-06,0.5530092275533826,0.716796875
111,2,48,0.004745789978762496,0.5684046745300293,5.6348983198404316e-06,0.5684103094283491,0.71923828125
112,2,49,0.00472455591261534,0.5983052849769592,5.646980926394463e-06,0.5983109319578856,0.72119140625
113,2,50,0.004703604341917986,0.5457448959350586,5.664628744125367e-06,0.5457505605638027,0.70849609375
114,2,51,0.00468292905790847,0.6125761270523071,5.680544674396515e-06,0.6125818075969816,0.75146484375
115,2,52,0.004662524041201569,0.5846256017684937,5.687988921999931e-06,0.5846312897574156,0.7177734375
116,2,53,0.004642383454426297,0.5730277299880981,5.705183744430542e-06,0.5730334351718426,0.724609375
117,2,54,0.004622501635210242,0.6182679533958435,5.713851004838944e-06,0.6182736672468483,0.7314453125
118,2,55,0.004602873089491617,0.5742058753967285,5.722952261567116e-06,0.57421159834899,0.708984375
119,2,56,0.004583492485141057,0.5618550777435303,5.735161155462265e-06,0.5618608129046857,0.697265625
120,2,57,0.004564354645876384,0.5624471306800842,5.747954174876213e-06,0.5624528786342591,0.70361328125
121,2,58,0.004545454545454546,0.5674935579299927,5.764872208237648e-06,0.567499322802201,0.72509765625
122,2,59,0.004526787302125927,0.5612179040908813,5.779091268777848e-06,0.5612236831821501,0.70556640625
123,2,60,0.004508348173337161,0.562258780002594,5.794893577694893e-06,0.5622645748961717,0.71044921875
124,2,61,0.004490132550669373,0.5433696508407593,5.813298001885414e-06,0.5433754641387611,0.71875
125,2,62,0.00447213595499958,0.6144904494285583,5.822411552071572e-06,0.6144962718401105,0.7236328125
126,2,63,0.0044543540318737395,0.5556963086128235,5.831102654337884e-06,0.5557021397154778,0.6920821114369502
127,3,1,0.0044367825470805694,0.5644664168357849,5.84426298737526e-06,0.5644722610987722,0.7021484375
128,3,2,0.004419417382415922,0.5864937901496887,5.853148922324181e-06,0.586499643298611,0.69775390625
129,3,3,0.0044022545316281195,0.5827452540397644,5.864644423127175e-06,0.5827511186841875,0.7138671875
130,3,4,0.004385290096535146,0.5791715979576111,5.8731034398078924e-06,0.5791774710610509,0.7080078125
131,3,5,0.00436852028330519,0.5698185563087463,5.8887131512165076e-06,0.5698244450218976,0.72216796875
132,3,6,0.004351941398892447,0.6232377290725708,5.893747508525849e-06,0.6232436228200793,0.71728515625
133,3,7,0.0043355498476206,0.5574265718460083,5.907441303133965e-06,0.5574324792873114,0.7060546875
134,3,8,0.004319342127906801,0.5687103867530823,5.9239670634269715e-06,0.5687163107201457,0.7275390625
135,3,9,0.004303314829119352,0.5430346131324768,5.942393466830254e-06,0.5430405555259437,0.7099609375
136,3,10,0.004287464628562721,0.5853005647659302,5.955515056848527e-06,0.5853065202809871,0.71826171875
137,3,11,0.004271788288583805,0.5951123237609863,5.964292958378792e-06,0.5951182880539447,0.70361328125
138,3,12,0.004256282653793743,0.5699288249015808,5.9752635657787325e-06,0.5699348001651466,0.6982421875
139,3,13,0.0042409446483998555,0.565948486328125,5.989804118871689e-06,0.5659544761322439,0.7001953125
140,3,14,0.004225771273642583,0.5947145223617554,6.001900508999825e-06,0.5947205242622644,0.7294921875
141,3,15,0.004210759605332595,0.5486948490142822,6.016841530799866e-06,0.548700865855813,0.70703125
142,3,16,0.004195906791483446,0.6109444499015808,6.027451902627945e-06,0.6109504773534834,0.73486328125
143,3,17,0.004181210050035454,0.5609768629074097,6.034218147397041e-06,0.560982897125557,0.68798828125
144,3,18,0.004166666666666667,0.56560218334198,6.043814867734909e-06,0.5656082271568477,0.7060546875
145,3,19,0.004152273992686998,0.5650299787521362,6.053503602743149e-06,0.565036032255739,0.7021484375
146,3,20,0.0041380294430118396,0.5800517201423645,6.064702570438386e-06,0.580057784844935,0.72119140625
147,3,21,0.004123930494211613,0.5513808727264404,6.076797097921372e-06,0.5513869495235384,0.70458984375
148,3,22,0.004109974682633933,0.5476641654968262,6.089482083916664e-06,0.5476702549789101,0.6943359375
149,3,23,0.004096159602595203,0.5990683436393738,6.099161133170128e-06,0.5990744428005069,0.7158203125
150,3,24,0.004082482904638631,0.5706406235694885,6.112120673060417e-06,0.5706467356901616,0.7041015625
151,3,25,0.004068942293855797,0.5736566781997681,6.123906746506691e-06,0.5736628021065145,0.71533203125
152,3,26,0.004055535528269064,0.589581310749054,6.136600300669671e-06,0.5895874473493546,0.72705078125
153,3,27,0.0040422604172722166,0.5755159258842468,6.144355237483979e-06,0.5755220702394843,0.7001953125
154,3,28,0.004029114820126902,0.5778184533119202,6.157008931040764e-06,0.5778246103208512,0.71337890625
155,3,29,0.004016096644512495,0.5281829237937927,6.1681769788265235e-06,0.5281890919707716,0.6806640625
156,3,30,0.004003203845127179,0.5704211592674255,6.178595125675202e-06,0.5704273378625512,0.6962890625
157,3,31,0.003990434422338111,0.6077318787574768,6.187718734145165e-06,0.607738066476211,0.7177734375
158,3,32,0.00397778642087865,0.5814090967178345,6.197160109877587e-06,0.5814152938779443,0.71142578125
159,3,33,0.003965257928590721,0.5601338148117065,6.208181381225586e-06,0.5601400229930877,0.69775390625
160,3,34,0.003952847075210474,0.5291827321052551,6.224397942423821e-06,0.5291889565031975,0.6865234375
161,3,35,0.003940552031195504,0.5701799988746643,6.236423924565316e-06,0.5701862352985889,0.70556640625
162,3,36,0.003928371006591931,0.5558525919914246,6.246018037199974e-06,0.5558588380094618,0.697265625
163,3,37,0.003916302249939787,0.5589430332183838,6.25535398721695e-06,0.558949288572371,0.6943359375
164,3,38,0.003904344047215152,0.6097640991210938,6.260843575000764e-06,0.6097703599646688,0.69970703125
165,3,39,0.003892494720807615,0.5675876140594482,6.273420155048371e-06,0.5675938874796033,0.7119140625
166,3,40,0.003880752628531664,0.5690257549285889,6.283363699913025e-06,0.5690320382922888,0.697265625
167,3,41,0.0038691161626706843,0.556118369102478,6.298021227121353e-06,0.5561246671237051,0.7119140625
168,3,42,0.003857583749052298,0.5479632616043091,6.310972571372986e-06,0.5479695725768805,0.6875
169,3,43,0.0038461538461538464,0.5720909237861633,6.320565938949585e-06,0.5720972443521023,0.697265625
170,3,44,0.003834824944236852,0.5399224758148193,6.334885209798813e-06,0.5399288107000292,0.71240234375
171,3,45,0.003823595564509363,0.5784069895744324,6.343246996402741e-06,0.5784133328214288,0.705078125
172,3,46,0.003812464258315117,0.5367019772529602,6.3565365970134735e-06,0.5367083337895572,0.693359375
173,3,47,0.0038014296063485276,0.544845700263977,6.366616487503052e-06,0.5448520668804645,0.69287109375
174,3,48,0.003790490217894517,0.5327207446098328,6.383807957172394e-06,0.5327271284177899,0.693359375
175,3,49,0.0037796447300922726,0.5556198358535767,6.3945494592189795e-06,0.5556262304030358,0.701171875
176,3,50,0.0037688918072220456,0.5433991551399231,6.409025937318802e-06,0.5434055641658604,0.70361328125
177,3,51,0.003758230140014145,0.5832819938659668,6.415984779596329e-06,0.5832884098507464,0.69775390625
178,3,52,0.0037476584449793074,0.5715052485466003,6.423615664243698e-06,0.5715116721622646,0.6962890625
179,3,53,0.0037371754637596797,0.5691309571266174,6.433271616697312e-06,0.5691373903982341,0.69482421875
180,3,54,0.0037267799624996494,0.5567472577095032,6.446655839681626e-06,0.5567537043653429,0.69970703125
181,3,55,0.003716470731235832,0.5239766836166382,6.457910686731339e-06,0.523983141527325,0.67724609375
182,3,56,0.003706246583305506,0.5729225873947144,6.467356532812119e-06,0.5729290547512471,0.69384765625
183,3,57,0.0036961063547728645,0.5808330774307251,6.47846907377243e-06,0.5808395558997989,0.69873046875
184,3,58,0.0036860489038724287,0.5669419765472412,6.48629292845726e-06,0.5669484628401696,0.70068359375
185,3,59,0.0036760731104690386,0.5756735801696777,6.494709104299545e-06,0.575680074878782,0.697265625
186,3,60,0.0036661778755338326,0.5588191151618958,6.50346577167511e-06,0.5588256186276674,0.68896484375
187,3,61,0.003656362120635653,0.535465657711029,6.518565118312836e-06,0.5354721762761474,0.6904296875
188,3,62,0.003646624787447364,0.5414883494377136,6.52921348810196e-06,0.5414948786512017,0.6845703125
189,3,63,0.00363696483726654,0.5899199843406677,6.537842750549317e-06,0.5899265221834182,0.6911045943304008
190,4,1,0.003627381250550059,0.5831419229507446,6.546667963266373e-06,0.5831484696187079,0.689453125
191,4,2,0.0036178730264621083,0.5403821468353271,6.555574387311936e-06,0.5403887024097145,0.68603515625
192,4,3,0.0036084391824351613,0.5665069222450256,6.563670188188553e-06,0.5665134859152138,0.7001953125
193,4,4,0.003599078753743473,0.5638530850410461,6.5716698765754705e-06,0.5638596567109228,0.6796875
194,4,5,0.003589790793088691,0.5782278776168823,6.577704846858978e-06,0.5782344553217292,0.69189453125
195,4,6,0.0035805743701971646,0.5645922422409058,6.5871939063072205e-06,0.5645988294348121,0.6923828125
196,4,7,0.0035714285714285718,0.5479022860527039,6.598273664712906e-06,0.5479088843263685,0.6904296875
197,4,8,0.0035623524993954824,0.5886476039886475,6.60196989774704e-06,0.5886542059585452,0.69287109375
198,4,9,0.0035533452725935075,0.5734161734580994,6.611425429582596e-06,0.5734227848835289,0.6982421875
199,4,10,0.0035444060250416796,0.5722469091415405,6.619063764810562e-06,0.5722535282053053,0.6796875
200,4,11,0.0035355339059327377,0.5271942019462585,6.628461927175522e-06,0.5272008304081858,0.67578125
201,4,12,0.0035267280792929917,0.5735847353935242,6.638775765895844e-06,0.5735913741692901,0.6904296875
202,4,13,0.0035179877236514597,0.535291314125061,6.647933274507523e-06,0.5352979620583356,0.6845703125
203,4,14,0.0035093120317179825,0.5599436163902283,6.657501310110092e-06,0.5599502738915384,0.6884765625
204,4,15,0.0035007002100700246,0.5701251029968262,6.666194647550583e-06,0.5701317691914737,0.7001953125
205,4,16,0.0034921514788478912,0.5324346423149109,6.674453616142273e-06,0.532441316768527,0.6611328125
206,4,17,0.0034836650714580885,0.552208662033081,6.684738397598267e-06,0.5522153467714787,0.69189453125
207,4,18,0.0034752402342845793,0.5779507756233215,6.688352674245835e-06,0.5779574639759958,0.68603515625
208,4,19,0.0034668762264076823,0.6010797619819641,6.696204096078873e-06,0.6010864581860602,0.71240234375
209,4,20,0.0034585723193303734,0.5535009503364563,6.705602258443833e-06,0.5535076559387148,0.681640625
210,4,21,0.003450327796711771,0.5709062218666077,6.710071861743928e-06,0.5709129319384694,0.68359375
211,4,22,0.0034421419541075713,0.5912197828292847,6.715753674507141e-06,0.5912264985829592,0.6962890625
212,4,23,0.003434014098717226,0.5273290872573853,6.7265719175338745e-06,0.5273358138293028,0.67333984375
213,4,24,0.0034259435491376584,0.5668755173683167,6.737309694290162e-06,0.5668822546780109,0.68994140625
214,4,25,0.0034179296351233165,0.5424519777297974,6.746260076761246e-06,0.5424587239898742,0.69287109375
215,4,26,0.0034099716973523676,0.5188865065574646,6.755524873733521e-06,0.5188932620823383,0.66943359375
216,4,27,0.0034020690871988586,0.5606271028518677,6.765729188919068e-06,0.5606338685810566,0.69287109375
217,4,28,0.0033942211665106536,0.5665231943130493,6.774033606052399e-06,0.5665299683466554,0.681640625
218,4,29,0.003386427307392982,0.563950777053833,6.781060993671417e-06,0.5639575581148267,0.6826171875
219,4,30,0.00337868689199743,0.5906561017036438,6.787559390068054e-06,0.5906628892630339,0.68505859375
220,4,31,0.0033709993123162106,0.5478549003601074,6.8000741302967075e-06,0.5478617004342378,0.68017578125
221,4,32,0.0033633639699815624,0.5763004422187805,6.808027625083924e-06,0.5763072502464056,0.68994140625
222,4,33,0.0033557802760701217,0.5530768632888794,6.817393749952317e-06,0.5530836806826294,0.7021484375
223,4,34,0.0033482476509121254,0.564079225063324,6.823703646659852e-06,0.5640860487669707,0.68701171875
224,4,35,0.003340765523905305,0.5401568412780762,6.834805011749268e-06,0.5401636760830879,0.689453125
225,4,36,0.0033333333333333335,0.5569419860839844,6.842923909425736e-06,0.5569488290078938,0.69091796875
226,4,37,0.0033259505261886966,0.5597975850105286,6.850684434175492e-06,0.5598044356949627,0.6865234375
227,4,38,0.00331861655799986,0.5361095070838928,6.858239322900772e-06,0.5361163653232157,0.666015625
228,4,39,0.0033113308926626095,0.5533896088600159,6.868474185466767e-06,0.5533964773342014,0.68603515625
229,4,40,0.003304093002275449,0.5711421966552734,6.872367858886719e-06,0.5711490690231323,0.68115234375
230,4,41,0.003296902366978935,0.5395428538322449,6.883808225393296e-06,0.5395497376404703,0.68310546875
231,4,42,0.003289758474798845,0.5691484808921814,6.890828162431717e-06,0.5691553717203438,0.68115234375
232,4,43,0.003282660821493064,0.5493474006652832,6.899296492338181e-06,0.5493542999617755,0.6650390625
233,4,44,0.0032756089104020924,0.5803016424179077,6.907649338245392e-06,0.5803085500672459,0.70068359375
234,4,45,0.003268602252303067,0.5414925217628479,6.916092336177826e-06,0.5414994378551841,0.67333984375
235,4,46,0.003261640365267211,0.5424412488937378,6.926164031028748e-06,0.5424481750577688,0.6689453125
236,4,47,0.0032547227745205972,0.5513293147087097,6.932879239320755e-06,0.5513362475879491,0.67578125
237,4,48,0.0032478490123081546,0.5886135697364807,6.9394804537296295e-06,0.5886205092169344,0.69189453125
238,4,49,0.003241018617760822,0.5566535592079163,6.9470532238483435e-06,0.55666050626114,0.6708984375
239,4,50,0.0032342311367657547,0.5625007748603821,6.956249475479126e-06,0.5625077311098575,0.68896484375
240,4,51,0.003227486121839514,0.5407434701919556,6.96316733956337e-06,0.5407504333592952,0.66845703125
241,4,52,0.003220783132004154,0.5644705891609192,6.97048231959343e-06,0.5644775596432388,0.6806640625
242,4,53,0.0032141217326661256,0.5779054760932922,6.979793310165405e-06,0.5779124558866024,0.697265625
243,4,54,0.003207501495497921,0.5705347061157227,6.985921412706375e-06,0.5705416920371353,0.681640625
244,4,55,0.0032009219983224,0.5760127305984497,6.993915140628815e-06,0.5760197245135903,0.68115234375
245,4,56,0.0031943828249996996,0.5583966374397278,7.002442330121994e-06,0.5584036398820579,0.68115234375
246,4,57,0.0031878835653166913,0.5146668553352356,7.01567679643631e-06,0.514673871012032,0.68212890625
247,4,58,0.003181423814878889,0.5449613332748413,7.026022672653198e-06,0.544968359297514,0.67919921875
248,4,59,0.0031750031750047624,0.5537887811660767,7.035376876592637e-06,0.5537958165429533,0.6767578125
249,4,60,0.00316862125262239,0.5317655205726624,7.04433023929596e-06,0.5317725649029017,0.67919921875
250,4,61,0.0031622776601683794,0.5626302361488342,7.052756100893021e-06,0.5626372889049351,0.68701171875
251,4,62,0.0031559720154890163,0.5933551788330078,7.0595063269138336e-06,0.5933622383393348,0.69775390625
252,4,63,0.00314970394174356,0.5604913830757141,7.069265842437745e-06,0.5604984523415566,0.6871945259042033
253,5,1,0.0031434730673096578,0.56595379114151,7.079679518938065e-06,0.565960870821029,0.681640625
254,5,2,0.003137279025690793,0.5631093978881836,7.088764756917954e-06,0.5631164866529406,0.68505859375
255,5,3,0.0031311214554257476,0.525066077709198,7.096217572689057e-06,0.5250731739267707,0.662109375
256,5,4,0.003125,0.5275657773017883,7.104927301406861e-06,0.5275728822290897,0.65625
257,5,5,0.0031189143077590266,0.538783848285675,7.111532986164094e-06,0.5387909598186612,0.662109375
258,5,6,0.0031128640318234518,0.5692195296287537,7.119596004486084e-06,0.5692266492247582,0.6806640625
259,5,7,0.0031068488300060003,0.5390074253082275,7.127775251865387e-06,0.5390145530834795,0.66845703125
260,5,8,0.003100868364730212,0.5523609519004822,7.134778052568436e-06,0.5523680866785348,0.685546875
261,5,9,0.003094922302950865,0.5580087900161743,7.141812145709992e-06,0.55801593182832,0.68310546875
262,5,10,0.0030890103160760773,0.5463055372238159,7.14961588382721e-06,0.5463126868396997,0.68017578125
263,5,11,0.003083132079891037,0.5653366446495056,7.157082110643387e-06,0.5653438017316162,0.67529296875
264,5,12,0.003077287274483318,0.5694986581802368,7.165135443210602e-06,0.56950582331568,0.6826171875
265,5,13,0.003071475584169756,0.5483487248420715,7.172198593616486e-06,0.5483558970406651,0.6689453125
266,5,14,0.0030656966974248294,0.5244300961494446,7.183292508125306e-06,0.5244372794419527,0.67578125
267,5,15,0.0030599503068105233,0.5906549692153931,7.1876890957355504e-06,0.5906621569044888,0.677734375
268,5,16,0.0030542361089076304,0.5542901158332825,7.194703072309494e-06,0.5542973105363548,0.67138671875
269,5,17,0.003048553804248462,0.5687844157218933,7.201029360294342e-06,0.5687916167512536,0.6708984375
270,5,18,0.003042903097250923,0.5250973701477051,7.211071252822876e-06,0.5251045812189579,0.65966796875
271,5,19,0.003037283696153935,0.5584521293640137,7.216876000165939e-06,0.5584593462400138,0.669921875
272,5,20,0.003031695312954162,0.5532565712928772,7.225243747234345e-06,0.5532637965366244,0.67333984375
273,5,21,0.0030261376633440125,0.5584679841995239,7.233911752700806e-06,0.5584752181112767,0.6767578125
274,5,22,0.003020610466650885,0.579780101776123,7.241163402795792e-06,0.5797873429395258,0.68603515625
275,5,23,0.003015113445777636,0.5517846345901489,7.244876772165299e-06,0.5517918794669211,0.66259765625
276,5,24,0.00300964632714423,0.5518115758895874,7.2519630193710334e-06,0.5518188278526067,0.671875
277,5,25,0.0030042088406305486,0.560215175151825,7.256923615932465e-06,0.5602224320754409,0.66943359375
278,5,26,0.0029988007195203364,0.5276092290878296,7.267870754003525e-06,0.5276164969585836,0.66845703125
279,5,27,0.0029934217004462483,0.5697479248046875,7.275153696537018e-06,0.5697551999583841,0.67138671875
280,5,28,0.002988071523335984,0.5770789384841919,7.2799451649189e-06,0.5770862184293568,0.68115234375
281,5,29,0.002982749931359468,0.5645033121109009,7.285331189632416e-06,0.5645105974420905,0.6728515625
282,5,30,0.0029774566708770686,0.49995437264442444,7.2951845824718476e-06,0.4999616678290069,0.66357421875
283,5,31,0.00297219149138882,0.5373899340629578,7.302600890398026e-06,0.5373972366638482,0.65576171875
284,5,32,0.0029669541454846334,0.5676326751708984,7.308671623468399e-06,0.5676399838425219,0.67431640625
285,5,33,0.0029617443887954616,0.5352401733398438,7.315714657306672e-06,0.535247489054501,0.67529296875
286,5,34,0.0029565619799454134,0.5501405596733093,7.321044057607651e-06,0.550147880717367,0.662109375
287,5,35,0.0029514066805047764,0.5699772238731384,7.327137142419816e-06,0.5699845510102809,0.671875
288,5,36,0.0029462782549439484,0.5611792206764221,7.333504408597947e-06,0.5611865541808307,0.6787109375
289,5,37,0.0029411764705882353,0.5392475128173828,7.341935485601425e-06,0.5392548547528684,0.6728515625
290,5,38,0.0029361010975735174,0.547156035900116,7.3478162288665776e-06,0.5471633837163449,0.66943359375
291,5,39,0.0029310519088027462,0.5464501976966858,7.35827386379242e-06,0.5464575559705496,0.66552734375
292,5,40,0.0029260286799032646,0.5551776885986328,7.364762574434281e-06,0.5551850533612073,0.67919921875
293,5,41,0.00292103118918493,0.5618492960929871,7.37065002322197e-06,0.5618566667430103,0.6796875
294,5,42,0.0029160592175990216,0.5912719964981079,7.37149715423584e-06,0.5912793679952622,0.6787109375
295,5,43,0.0029111125486979104,0.5576723217964172,7.3751755058765416e-06,0.5576796969719231,0.66259765625
296,5,44,0.0029061909685954824,0.5860629081726074,7.3801741003990175e-06,0.5860702883467078,0.669921875
297,5,45,0.0029012942659282976,0.5899237990379333,7.3874212801456455e-06,0.5899311864592135,0.681640625
298,5,46,0.0028964222318174616,0.5328907370567322,7.3952086269855505e-06,0.5328981322653592,0.6767578125
299,5,47,0.0028915746598312014,0.541803240776062,7.402613013982773e-06,0.541810643389076,0.65625
300,5,48,0.0028867513459481286,0.5543237328529358,7.408091425895692e-06,0.5543311409443616,0.66552734375
301,5,49,0.002881952088521175,0.5935665369033813,7.412727177143097e-06,0.5935739496305585,0.68115234375
302,5,50,0.00287717668824218,0.543298602104187,7.416044175624847e-06,0.5433060181483627,0.65478515625
303,5,51,0.0028724249481071303,0.5463550686836243,7.425554841756821e-06,0.5463624942384661,0.6767578125
304,5,52,0.002867696673382022,0.5398802757263184,7.4290722608566285e-06,0.5398877047985792,0.65234375
305,5,53,0.0028629916715693414,0.5759456753730774,7.434254139661789e-06,0.575953109627217,0.67041015625
306,5,54,0.0028583097523751477,0.5203436613082886,7.440432161092759e-06,0.5203511017404496,0.6552734375
307,5,55,0.002853650727676748,0.558495283126831,7.443990558385849e-06,0.5585027271173895,0.65478515625
308,5,56,0.0028490144114909485,0.5694395899772644,7.448756694793702e-06,0.5694470387339592,0.67529296875
309,5,57,0.0028444006199428713,0.5842234492301941,7.453697174787522e-06,0.5842309029273689,0.67431640625
310,5,58,0.002839809171235324,0.5351929664611816,7.459130883216858e-06,0.5352004255920648,0.646484375
311,5,59,0.0028352398856187136,0.550015389919281,7.463840395212174e-06,0.5500228537596762,0.65869140625
312,5,60,0.0028306925853614894,0.5562651753425598,7.471659779548645e-06,0.5562726470023394,0.6865234375
313,5,61,0.0028261670947211078,0.5611680746078491,7.476277649402619e-06,0.5611755508854985,0.66943359375
314,5,62,0.002821663239915502,0.5481383204460144,7.4836440384387975e-06,0.5481458040900529,0.6767578125
315,5,63,0.0028171808490950554,0.5138740539550781,7.4942722916603096e-06,0.5138815482273698,0.6598240469208211
316,6,1,0.00281271975231506,0.5383179783821106,7.4994295835495e-06,0.5383254778116942,0.64697265625
317,6,2,0.0028082797815086524,0.5159881114959717,7.507607340812683e-06,0.5159956191033125,0.66748046875
318,6,3,0.0028038607704602217,0.5418146848678589,7.516295462846756e-06,0.5418222011633217,0.654296875
319,6,4,0.002799462554779272,0.5630909204483032,7.521119713783265e-06,0.563098441568017,0.6630859375
320,6,5,0.002795084971874737,0.5052511096000671,7.530716061592103e-06,0.5052586403161288,0.6484375
321,6,6,0.002790727860929738,0.5605297684669495,7.536844909191132e-06,0.5605373053118586,0.65185546875
322,6,7,0.002786391062876764,0.5445363521575928,7.543817162513733e-06,0.5445438959747553,0.666015625
323,6,8,0.0027820744203732864,0.5682699084281921,7.5483240187168125e-06,0.5682774567522109,0.689453125
324,6,9,0.002777777777777778,0.5579720735549927,7.552555203437806e-06,0.5579796261101961,0.66015625
325,6,10,0.002773500981126146,0.557128369808197,7.557453215122223e-06,0.5571359272614121,0.66796875
326,6,11,0.0027692438781085566,0.5627673268318176,7.56455734372139e-06,0.5627748913891614,0.68359375
327,6,12,0.0027650063180466554,0.5328146815299988,7.571244239807129e-06,0.5328222527742386,0.6650390625
328,6,13,0.0027607881518711633,0.5222266316413879,7.5796186923980715e-06,0.5222342112600803,0.666015625
329,6,14,0.0027565892320998565,0.5722373127937317,7.583469897508622e-06,0.5722448962636292,0.662109375
330,6,15,0.0027524094128159016,0.533693790435791,7.5872562825679786e-06,0.5337013776920736,0.65234375
331,6,16,0.0027482485496465635,0.5552889108657837,7.592915743589402e-06,0.5552965037815273,0.65966796875
332,6,17,0.002744106499742259,0.5215777158737183,7.601272314786911e-06,0.5215853171460331,0.6630859375
333,6,18,0.002739983121755955,0.5333994030952454,7.608337700366974e-06,0.5334070114329458,0.658203125
334,6,19,0.0027358782758229137,0.5315902233123779,7.613769918680191e-06,0.5315978370822966,0.6484375
335,6,20,0.0027317918235407654,0.5531917214393616,7.621692121028901e-06,0.5531993431314826,0.67578125
336,6,21,0.0027277236279499052,0.5483369827270508,7.625634223222733e-06,0.548344608361274,0.6474609375
337,6,22,0.0027236735535142165,0.55204838514328,7.63310119509697e-06,0.5520560182444751,0.66357421875
338,6,23,0.002719641466102106,0.5417472720146179,7.64181837439537e-06,0.5417549138329923,0.666015625
339,6,24,0.0027156272329678425,0.5118047595024109,7.647210359573364e-06,0.5118124067127705,0.6376953125
340,6,25,0.0027116307227332023,0.5648291707038879,7.652371376752854e-06,0.5648368230752647,0.66943359375
341,6,26,0.002707651805369412,0.5651481747627258,7.657407224178315e-06,0.56515583216995,0.6689453125
342,6,27,0.002703690352179376,0.5383844375610352,7.665332406759262e-06,0.538392102893442,0.66259765625
343,6,28,0.0026997462357801942,0.5438005328178406,7.669132947921754e-06,0.5438082019507885,0.65380859375
344,6,29,0.0026958193300859606,0.5196048617362976,7.675230503082276e-06,0.5196125369668007,0.634765625
345,6,30,0.002691909510290828,0.5874223709106445,7.680775970220567e-06,0.5874300516866148,0.68359375
346,6,31,0.0026880166528523517,0.5278037190437317,7.690668851137162e-06,0.5278114097125828,0.6474609375
347,6,32,0.002684140635475095,0.5451996922492981,7.696454226970673e-06,0.545207388703525,0.64599609375
348,6,33,0.002680281337094487,0.5837619304656982,7.701031118631363e-06,0.5837696314968168,0.681640625
349,6,34,0.002676438637860946,0.5374327301979065,7.706652581691742e-06,0.5374404368504881,0.65625
350,6,35,0.002672612419124244,0.571704089641571,7.713688164949418e-06,0.571711803329736,0.67822265625
351,6,36,0.002668802563418119,0.547247052192688,7.71811604499817e-06,0.547254770308733,0.66748046875
352,6,37,0.0026650089544451305,0.5314638018608093,7.72712528705597e-06,0.5314715289860964,0.669921875
353,6,38,0.0026612314770617473,0.5691696405410767,7.731457799673082e-06,0.5691773719988763,0.6669921875
354,6,39,0.0026574700172636695,0.5297650694847107,7.737533748149872e-06,0.5297728070184589,0.6416015625
355,6,40,0.0026537244621713764,0.5684855580329895,7.740534842014314e-06,0.5684932985678315,0.6650390625
356,6,41,0.0026499947000159004,0.5089561343193054,7.749500870704651e-06,0.5089638838201761,0.64453125
357,6,42,0.0026462806201248156,0.5740761160850525,7.752596586942673e-06,0.5740838686816394,0.65478515625
358,6,43,0.0026425821129084496,0.5507134795188904,7.756540924310684e-06,0.5507212360598147,0.65234375
359,6,44,0.0026388990698462977,0.5785744786262512,7.76086449623108e-06,0.5785822394907475,0.66943359375
360,6,45,0.0026352313834736496,0.5481954216957092,7.766543328762054e-06,0.548203188239038,0.66259765625
361,6,46,0.002631578947368421,0.5905552506446838,7.772595435380936e-06,0.5905630232401192,0.69140625
362,6,47,0.0026279416561381837,0.5851340293884277,7.777434587478638e-06,0.5851418068230152,0.6455078125
363,6,48,0.00262431940540739,0.5381212830543518,7.781553268432618e-06,0.5381290646076202,0.63671875
364,6,49,0.002620712091804796,0.5608100891113281,7.786129415035249e-06,0.5608178752407431,0.65576171875
365,6,50,0.002617119612951069,0.5753942131996155,7.789948582649232e-06,0.5754020031481981,0.67236328125
366,6,51,0.0026135418674465834,0.5521036386489868,7.794271409511566e-06,0.5521114329203963,0.6640625
367,6,52,0.002609978754859403,0.5613847970962524,7.798425108194352e-06,0.5613925955213607,0.6708984375
368,6,53,0.002606430175713435,0.523684024810791,7.807786017656327e-06,0.5236918325968086,0.66455078125
369,6,54,0.002602896031476768,0.5806880593299866,7.812239974737168e-06,0.5806958715699613,0.66748046875
370,6,55,0.002599376224550182,0.5294151306152344,7.817351818084717e-06,0.5294229479670525,0.65283203125
371,6,56,0.002595870658255825,0.5706602334976196,7.818630337715148e-06,0.5706680521279573,0.65185546875
372,6,57,0.0025923792368260632,0.576213002204895,7.820972800254823e-06,0.5762208231776953,0.6630859375
373,6,58,0.002588901865392489,0.548753559589386,7.825878262519836e-06,0.5487613854676485,0.65771484375
374,6,59,0.002585438449975096,0.5431682467460632,7.832742482423783e-06,0.5431760794885456,0.66259765625
375,6,60,0.0025819888974716113,0.5601226687431335,7.835934311151506e-06,0.5601305046774447,0.6552734375
376,6,61,0.0025785531156469837,0.5475375056266785,7.84246101975441e-06,0.5475453480876982,0.6640625
377,6,62,0.002575131013123024,0.5729182362556458,7.845533639192582e-06,0.572926081789285,0.6552734375
378,6,63,0.0025717224993681985,0.5416476130485535,7.850911468267442e-06,0.5416554639600217,0.6441837732160313
379,7,1,0.002568327484687571,0.5497268438339233,7.856355607509613e-06,0.5497347001895309,0.65771484375
380,7,2,0.0025649458802128856,0.5379599928855896,7.863601297140122e-06,0.5379678564868867,0.658203125
381,7,3,0.0025615775978927997,0.582144021987915,7.865167409181595e-06,0.5821518871553242,0.66357421875
382,7,4,0.0025582225504832542,0.5508512258529663,7.87244439125061e-06,0.5508590982973576,0.66064453125
383,7,5,0.0025548806515379805,0.5875170230865479,7.875575125217437e-06,0.5875248986616731,0.66357421875
384,7,6,0.002551551815399144,0.5594866871833801,7.878742367029191e-06,0.5594945659257472,0.6552734375
385,7,7,0.002548235957188128,0.5802628397941589,7.881428301334382e-06,0.5802707212224603,0.67138671875
386,7,8,0.002544932992796438,0.5427639484405518,7.886505872011185e-06,0.5427718349464238,0.65625
387,7,9,0.0025416428388767448,0.5398478507995605,7.89172425866127e-06,0.5398557425238192,0.6611328125
388,7,10,0.002538365412834048,0.534083366394043,7.897172123193742e-06,0.5340912635661662,0.64697265625
389,7,11,0.002535100632816969,0.543071985244751,7.904361188411713e-06,0.5430798896059393,0.65576171875
390,7,12,0.002531848417709167,0.5270829796791077,7.910563796758652e-06,0.5270908902429045,0.65966796875
391,7,13,0.002528608687120868,0.5144825577735901,7.917678356170655e-06,0.5144904754519463,0.64892578125
392,7,14,0.0025253813613805272,0.5605137944221497,7.92202576994896e-06,0.5605217164479196,0.66650390625
393,7,15,0.0025221663615265914,0.5601063966751099,7.92526975274086e-06,0.5601143219448627,0.6416015625
394,7,16,0.002518963609299392,0.5581590533256531,7.929953187704087e-06,0.5581669832788407,0.64892578125
395,7,17,0.002515773027133138,0.5600184798240662,7.935494929552079e-06,0.5600264153189957,0.6611328125
396,7,18,0.0025125945381480304,0.5548245906829834,7.941639423370362e-06,0.5548325323224068,0.64990234375
397,7,19,0.002509428066142478,0.5748903751373291,7.945485413074493e-06,0.5748983206227422,0.662109375
398,7,20,0.002506273535585428,0.5226632952690125,7.952193915843963e-06,0.5226712474629283,0.6494140625
399,7,21,0.002503130871608795,0.5219061374664307,7.95755609869957e-06,0.5219140950225294,0.6533203125
400,7,22,0.0025,0.5756009817123413,7.960639148950577e-06,0.5756089423514903,0.66845703125
401,7,23,0.0024968808471946117,0.5469983816146851,7.965290546417237e-06,0.5470063469052314,0.658203125
402,7,24,0.0024937733402690824,0.5522943139076233,7.969692349433899e-06,0.5523022835999727,0.646484375
403,7,25,0.0024906774069335894,0.5482149720191956,7.973559200763702e-06,0.5482229455783963,0.6533203125
404,7,26,0.002487592975524973,0.5460001230239868,7.97763541340828e-06,0.5460081006594002,0.650390625
405,7,27,0.0024845199749997664,0.5387862324714661,7.982563972473146e-06,0.5387942150354386,0.64697265625
406,7,28,0.0024814583349273256,0.5218765735626221,7.987546920776368e-06,0.5218845611095428,0.64404296875
407,7,29,0.002478407985483048,0.56406569480896,7.990828901529312e-06,0.5640736856378615,0.65576171875
408,7,30,0.002475368857441686,0.5546314716339111,7.99490436911583e-06,0.5546394665382802,0.64599609375
409,7,31,0.002472340882170744,0.5330297350883484,7.998460531234741e-06,0.5330377335488796,0.6416015625
410,7,32,0.002469323991623974,0.5242635011672974,8.003988862037659e-06,0.5242715051561594,0.63134765625
411,7,33,0.0024663181183349502,0.5290704965591431,8.00909698009491e-06,0.5290785056561231,0.64306640625
412,7,34,0.002463323195410733,0.5093104839324951,8.016093820333481e-06,0.5093185000263154,0.6435546875
413,7,35,0.0024603391565256147,0.5549833178520203,8.021273463964462e-06,0.5549913391254843,0.6533203125
414,7,36,0.0024573659359149523,0.5371609926223755,8.028220385313035e-06,0.5371690208427607,0.64990234375
415,7,37,0.00245440346836908,0.5340380072593689,8.033856004476548e-06,0.5340460411153733,0.63330078125
416,7,38,0.0024514516892273006,0.5392630696296692,8.040130883455277e-06,0.5392711097605526,0.6416015625
417,7,39,0.0024485105343719587,0.5435514450073242,8.044751733541488e-06,0.5435594897590578,0.6435546875
418,7,40,0.0024455799402225927,0.5276155471801758,8.052869886159897e-06,0.5276236000500619,0.64599609375
419,7,41,0.0024426598437301576,0.5404629111289978,8.056958764791489e-06,0.5404709680877626,0.65283203125
420,7,42,0.0024397501823713334,0.5545529127120972,8.061720430850984e-06,0.554560974432528,0.63818359375
421,7,43,0.002436850894142897,0.5575366616249084,8.065770566463471e-06,0.5575447273954749,0.66259765625
422,7,44,0.0024339619175561774,0.553246796131134,8.070637285709382e-06,0.5532548667684197,0.6494140625
423,7,45,0.0024310831916315757,0.551321268081665,8.075539767742157e-06,0.5513293436214328,0.669921875
424,7,46,0.0024282146558931607,0.5437794923782349,8.081519603729248e-06,0.5437875738978386,0.65869140625
425,7,47,0.00242535625036333,0.5496460795402527,8.085885643959045e-06,0.5496541654258966,0.65673828125
426,7,48,0.002422507915557546,0.5891097784042358,8.089282363653184e-06,0.5891178676865995,0.6708984375
427,7,49,0.0024196695924791362,0.5318812131881714,8.09507891535759e-06,0.5318893082670867,0.63818359375
428,7,50,0.0024168412226141587,0.5788518190383911,8.096802979707718e-06,0.5788599158413709,0.65283203125
429,7,51,0.002414022747926338,0.5485817790031433,8.102234452962876e-06,0.5485898812375962,0.65234375
430,7,52,0.0024112141108520607,0.5320824980735779,8.10757800936699e-06,0.5320906056515873,0.6533203125
431,7,53,0.0024084152542954403,0.5707981586456299,8.112690597772598e-06,0.5708062713362276,0.65869140625
432,7,54,0.0024056261216234406,0.5704981684684753,8.115903288125992e-06,0.5705062843717634,0.65283203125
433,7,55,0.0024028466566610638,0.5240557789802551,8.121758699417115e-06,0.5240639007389546,0.63623046875
434,7,56,0.0024000768036865966,0.5356508493423462,8.126340806484223e-06,0.5356589756831527,0.63525390625
435,7,57,0.002397316507426921,0.5276448130607605,8.131504058837891e-06,0.5276529445648194,0.642578125
436,7,58,0.0023945657130528784,0.5598087906837463,8.136138319969178e-06,0.5598169268220663,0.650390625
437,7,59,0.0023918243661746994,0.5434443950653076,8.139101415872575e-06,0.5434525341667235,0.6455078125
438,7,60,0.002389092412837483,0.5551699995994568,8.144807815551758e-06,0.5551781444072723,0.658203125
439,7,61,0.0023863697995167386,0.5556249022483826,8.149371296167375e-06,0.5556330516196787,0.66650390625
440,7,62,0.0023836564731139808,0.5289245843887329,8.154190331697465e-06,0.5289327385790646,0.65283203125
441,7,63,0.002380952380952381,0.5462957620620728,8.159063011407853e-06,0.5463039211250842,0.6510263929618768
442,8,1,0.0023782574707724704,0.5362396240234375,8.165154606103897e-06,0.5362477891780436,0.64453125
443,8,2,0.0023755716907278997,0.555534303188324,8.169377595186234e-06,0.5555424725659192,0.64208984375
444,8,3,0.002372894989381248,0.5659234523773193,8.169963210821153e-06,0.5659316223405302,0.63916015625
445,8,4,0.0023702273156998863,0.5429368019104004,8.174332231283188e-06,0.5429449762426317,0.64013671875
446,8,5,0.0023675686190518922,0.5456570386886597,8.177807927131653e-06,0.5456652164965868,0.6337890625
447,8,6,0.002364918849202011,0.5080764293670654,8.183612674474716e-06,0.50808461297974,0.63330078125
448,8,7,0.00236227795630767,0.5647738575935364,8.18649008870125e-06,0.5647820440836251,0.66064453125
449,8,8,0.0023596458909150436,0.5240892171859741,8.192845433950424e-06,0.5240974100314081,0.64697265625
450,8,9,0.0023570226039551583,0.5533990859985352,8.196018636226655e-06,0.5534072820171714,0.65380859375
451,8,10,0.0023544080467400555,0.5487037897109985,8.202146738767625e-06,0.5487119918577373,0.658203125
452,8,11,0.002351802170958993,0.5329010486602783,8.20862650871277e-06,0.5329092572867871,0.6611328125
453,8,12,0.002349204928674698,0.5443653464317322,8.21109414100647e-06,0.5443735575258731,0.642578125
454,8,13,0.0023466162723196605,0.5657615661621094,8.213967084884644e-06,0.5657697801291942,0.65478515625
455,8,14,0.002344036154692477,0.5442840456962585,8.219358325004578e-06,0.5442922650545835,0.6494140625
456,8,15,0.002341464528954235,0.5393352508544922,8.223846554756165e-06,0.5393434747010469,0.6396484375
457,8,16,0.00233890134862494,0.5379617810249329,8.228647708892822e-06,0.5379700096726417,0.64990234375
458,8,17,0.002336346567579989,0.5769401788711548,8.234594017267227e-06,0.576948413465172,0.68115234375
459,8,18,0.002333800140046683,0.5437344312667847,8.237297087907791e-06,0.5437426685638725,0.64306640625
460,8,19,0.0023312620206007847,0.5671350955963135,8.241066336631776e-06,0.5671433366626502,0.65673828125
461,8,20,0.0023287321641631115,0.5553702116012573,8.242162317037583e-06,0.5553784537635743,0.64697265625
462,8,21,0.002326210525996177,0.5152941942214966,8.247954398393631e-06,0.5153024421758949,0.63232421875
463,8,22,0.0023236970617008658,0.5606637001037598,8.248837292194367e-06,0.560671948941052,0.65087890625
464,8,23,0.0023211917272131484,0.517860472202301,8.255191147327424e-06,0.5178687273934484,0.64794921875
465,8,24,0.0023186944788008415,0.5281625986099243,8.25878530740738e-06,0.5281708573952317,0.6240234375
466,8,25,0.0023162052730603976,0.5456761121749878,8.26178714632988e-06,0.5456843739621341,0.6337890625
467,8,26,0.0023137240669137376,0.5780237913131714,8.26781988143921e-06,0.5780320591330528,0.65771484375
468,8,27,0.002311250817605121,0.547250509262085,8.270984888076783e-06,0.547258780246973,0.63623046875
469,8,28,0.002308785482698051,0.5476942658424377,8.274711668491364e-06,0.5477025405541063,0.642578125
470,8,29,0.002306328020072213,0.5530770421028137,8.27830582857132e-06,0.5530853204086423,0.6484375
471,8,30,0.002303878387920457,0.550637423992157,8.28431248664856e-06,0.5506457083046437,0.669921875
472,8,31,0.0023014365447458084,0.5506668090820312,8.286849409341813e-06,0.5506750959314406,0.63720703125
473,8,32,0.0022990024493585145,0.5840814113616943,8.289189636707306e-06,0.584089700551331,0.65185546875
474,8,33,0.002296576060873127,0.5584174394607544,8.29426720738411e-06,0.5584257337279618,0.6591796875
475,8,34,0.0022941573387056176,0.5612378120422363,8.297158777713776e-06,0.561246109201014,0.65283203125
476,8,35,0.0022917462425705287,0.5605544447898865,8.302158862352372e-06,0.5605627469487489,0.6435546875
477,8,36,0.0022893427324781504,0.5523850917816162,8.304420858621597e-06,0.5523933962024749,0.64013671875
478,8,37,0.0022869467687317412,0.5181455612182617,8.31083282828331e-06,0.51815387205109,0.63623046875
479,8,38,0.0022845583119247693,0.5514468550682068,8.313881605863571e-06,0.5514551689498126,0.63818359375
480,8,39,0.002282177322938192,0.5540067553520203,8.315198868513107e-06,0.5540150705508887,0.63916015625
481,8,40,0.0022798037629377663,0.5758553147315979,8.316442370414733e-06,0.5758636311739683,0.63134765625
482,8,41,0.002277437593371385,0.5226005911827087,8.321696519851685e-06,0.5226089128792286,0.63818359375
483,8,42,0.0022750787759664506,0.507271945476532,8.328326046466827e-06,0.5072802738025785,0.6484375
484,8,43,0.002272727272727273,0.542755126953125,8.333753794431687e-06,0.5427634607069194,0.63623046875
485,8,44,0.0022703830459324995,0.5550761818885803,8.338863402605058e-06,0.5550845207519829,0.64013671875
486,8,45,0.0022680460581325727,0.54067063331604,8.343300968408584e-06,0.5406789766170085,0.6376953125
487,8,46,0.002265716272147219,0.5398118495941162,8.348807692527771e-06,0.5398201984018087,0.6396484375
488,8,47,0.0022633936510629634,0.5318211317062378,8.354846388101578e-06,0.5318294865526259,0.650390625
489,8,48,0.002261078158230673,0.5696842670440674,8.360525965690614e-06,0.569692627570033,0.67041015625
490,8,49,0.0022587697572631284,0.5733879208564758,8.366434276103974e-06,0.573396287290752,0.6572265625
491,8,50,0.0022564684120326213,0.5524839758872986,8.373086154460908e-06,0.552492348973453,0.646484375
492,8,51,0.0022541740866685806,0.5682848691940308,8.375474065542222e-06,0.5682932446680963,0.6552734375
493,8,52,0.002251886745555225,0.5140205025672913,8.381707221269608e-06,0.5140288842745125,0.6376953125
494,8,53,0.0022496063533292377,0.5190457105636597,8.385857939720154e-06,0.5190540964215994,0.62353515625
495,8,54,0.0022473328748774737,0.5128440260887146,8.391600847244263e-06,0.5128524176895618,0.6298828125
496,8,55,0.0022450662753346865,0.5509946942329407,8.397883176803589e-06,0.5510030921161175,0.64892578125
497,8,56,0.002242806520081283,0.529650092124939,8.403081446886062e-06,0.5296584952063859,0.634765625
498,8,57,0.0022405535747411043,0.5099192261695862,8.408671617507936e-06,0.5099276348412037,0.62890625
499,8,58,0.0022383074051792263,0.5162039399147034,8.414514362812042e-06,0.5162123544290662,0.65380859375
500,8,59,0.00223606797749979,0.5472040772438049,8.417253941297531e-06,0.5472124944977462,0.64599609375
501,8,60,0.0022338352580438515,0.5152679085731506,8.422815054655075e-06,0.5152763313882053,0.64111328125
502,8,61,0.002231609213387259,0.561068594455719,8.42612460255623e-06,0.5610770205803215,0.65087890625
503,8,62,0.0022293898103385493,0.5413780808448792,8.430655300617218e-06,0.5413865115001798,0.6357421875
504,8,63,0.0022271770159368698,0.566331684589386,8.432109653949739e-06,0.5663401166990399,0.6314760508308895
505,9,1,0.002224970797449924,0.5319123864173889,8.435947448015213e-06,0.531920822364837,0.64697265625
506,9,2,0.002222771122371935,0.53920578956604,8.442047238349915e-06,0.5392142316132784,0.6455078125
507,9,3,0.0022205779584216377,0.5243291258811951,8.446712791919708e-06,0.524337572593987,0.62060546875
508,9,4,0.0022183912735402847,0.580162763595581,8.450976759195328e-06,0.5801712145723402,0.658203125
509,9,5,0.0022162110358896815,0.5454886555671692,8.45429077744484e-06,0.5454971098579466,0.64453125
510,9,6,0.0022140372138502386,0.52887362241745,8.459687978029251e-06,0.528882082105428,0.64208984375
511,9,7,0.0022118697760190446,0.5262033939361572,8.466584980487824e-06,0.5262118605211377,0.64208984375
512,9,8,0.002209708691207961,0.5377157330513,8.46860259771347e-06,0.5377242016538978,0.62353515625
513,9,9,0.00220755392844174,0.5036306381225586,8.47289338707924e-06,0.5036391110159457,0.61962890625
514,9,10,0.0022054054569561545,0.5376578569412231,8.480922877788545e-06,0.5376663378641009,0.6552734375
515,9,11,0.002203263246196159,0.5274158716201782,8.484415709972382e-06,0.5274243560358882,0.62255859375
516,9,12,0.0022011272658140598,0.5334926843643188,8.489376306533814e-06,0.5335011737406253,0.6533203125
517,9,13,0.0021989974856677125,0.5605405569076538,8.491479605436326e-06,0.5605490483872593,0.63525390625
518,9,14,0.002196873875818734,0.5567356944084167,8.496735244989396e-06,0.5567441911436617,0.64697265625
519,9,15,0.0021947564065307357,0.49050432443618774,8.502854406833648e-06,0.4905128272905946,0.63818359375
520,9,16,0.002192645048267573,0.5805533528327942,8.505552262067795e-06,0.5805618583850563,0.64697265625
521,9,17,0.0021905397716916178,0.5601757764816284,8.50796550512314e-06,0.5601842844471335,0.642578125
522,9,18,0.0021884405476620427,0.5665013790130615,8.511409163475037e-06,0.566509890422225,0.65234375
523,9,19,0.00218634734723313,0.5874134302139282,8.514799177646637e-06,0.5874219450131059,0.65966796875
524,9,20,0.002184260141652595,0.5180090069770813,8.519314229488373e-06,0.5180175262913108,0.63623046875
525,9,21,0.002182178902359924,0.5404170751571655,8.522247523069382e-06,0.5404255974046887,0.638671875
526,9,22,0.002180103600984737,0.5439427495002747,8.526056259870529e-06,0.5439512755565346,0.64111328125
527,9,23,0.0021780342093451607,0.5452711582183838,8.529382199048996e-06,0.5452796876005829,0.63818359375
528,9,24,0.0021759706994462233,0.4902883470058441,8.53424221277237e-06,0.49029688124805687,0.6162109375
529,9,25,0.002173913043478261,0.5777216553688049,8.537206053733825e-06,0.5777301925748587,0.63232421875
530,9,26,0.002171861213815347,0.5302582383155823,8.541961759328842e-06,0.5302667802773416,0.64013671875
531,9,27,0.002169815183013731,0.5463141798973083,8.545761555433273e-06,0.5463227256588638,0.63671875
532,9,28,0.0021677749238103,0.5282020568847656,8.549471944570542e-06,0.5282106063567102,0.62548828125
533,9,29,0.0021657404091210497,0.5490081310272217,8.554407954216003e-06,0.5490166854351759,0.64208984375
534,9,30,0.0021637116120395775,0.5464575290679932,8.556122332811355e-06,0.546466085190326,0.63232421875
535,9,31,0.002161688505835585,0.5801385045051575,8.557515591382981e-06,0.5801470620207488,0.638671875
536,9,32,0.0021596710639534005,0.510377049446106,8.561930805444718e-06,0.5103856113769114,0.6279296875
537,9,33,0.0021576592600105154,0.5480944514274597,8.564593642950059e-06,0.5481030160211027,0.63818359375
538,9,34,0.0021556530677961346,0.538680911064148,8.570463210344314e-06,0.5386894815273583,0.63427734375
539,9,35,0.00215365246126974,0.5202476978302002,8.576906472444535e-06,0.5202562747366727,0.63623046875
540,9,36,0.002151657414559676,0.5138561129570007,8.58241394162178e-06,0.5138646953709424,0.6171875
541,9,37,0.002149667901961739,0.5413618683815002,8.586745709180832e-06,0.5413704551272094,0.64013671875
542,9,38,0.002147683897937789,0.5763390064239502,8.589088916778564e-06,0.576347595512867,0.64892578125
543,9,39,0.0021457053771143726,0.515664279460907,8.594030141830444e-06,0.5156728734910488,0.62890625
544,9,40,0.0021437323142813607,0.5273550748825073,8.598263561725617e-06,0.527363673146069,0.64208984375
545,9,41,0.0021417646843905967,0.5365406274795532,8.601243048906326e-06,0.5365492287226021,0.62939453125
546,9,42,0.0021398024625545646,0.5252631902694702,8.605169504880905e-06,0.5252717954389751,0.63330078125
547,9,43,0.002137845624045064,0.5467885732650757,8.608707785606384e-06,0.5467971819728613,0.64404296875
548,9,44,0.0021358941442919024,0.5818586349487305,8.609674870967866e-06,0.5818672446236014,0.6474609375
549,9,45,0.0021339479988815996,0.538523256778717,8.614269644021988e-06,0.5385318710483611,0.638671875
550,9,46,0.0021320071635561044,0.5970249176025391,8.615425974130631e-06,0.5970335330285131,0.65478515625
551,9,47,0.002130071614211525,0.5501771569252014,8.618064969778062e-06,0.5501857749901712,0.64111328125
552,9,48,0.0021281413268968716,0.5476356744766235,8.620280772447586e-06,0.547644294757396,0.62451171875
553,9,49,0.0021262162778128116,0.5518344640731812,8.62424299120903e-06,0.5518430883161723,0.63037109375
554,9,50,0.002124296443310437,0.5355862975120544,8.628424257040024e-06,0.5355949259363115,0.6376953125
555,9,51,0.0021223817998900444,0.514105498790741,8.63322913646698e-06,0.5141141320198774,0.62841796875
556,9,52,0.0021204723241999277,0.5276339054107666,8.639408648014068e-06,0.5276425448194146,0.63916015625
557,9,53,0.002118567993035179,0.5579294562339783,8.641587942838669e-06,0.5579380978219212,0.6474609375
558,9,54,0.0021166687833365084,0.5623133182525635,8.646052330732346e-06,0.5623219643048942,0.65478515625
559,9,55,0.002114774672189068,0.5464357137680054,8.648465573787689e-06,0.5464443622335792,0.63427734375
560,9,56,0.0021128856368212916,0.5563281178474426,8.651676774024963e-06,0.5563367695242166,0.63916015625
561,9,57,0.0021110016546037457,0.552393913269043,8.656369149684907e-06,0.5524025696381927,0.63720703125
562,9,58,0.0021091227030479894,0.5743178129196167,8.656444400548936e-06,0.5743264693640172,0.640625
563,9,59,0.002107248759805448,0.5324671864509583,8.659304678440095e-06,0.5324758457556367,0.6142578125
564,9,60,0.0021053798026662977,0.5371174216270447,8.662790060043335e-06,0.5371260844171047,0.6357421875
565,9,61,0.0021035158095583564,0.5466675758361816,8.666441589593888e-06,0.5466762422777712,0.646484375
566,9,62,0.002101656758545993,0.5451696515083313,8.67101550102234e-06,0.5451783225238324,0.64306640625
567,9,63,0.00209980262782904,0.560014009475708,8.674229681491852e-06,0.5600226837053895,0.6285434995112414
568,10,1,0.002097953395741723,0.537296712398529,8.676909655332565e-06,0.5373053893081844,0.630859375
569,10,2,0.0020961090407515927,0.5506438612937927,8.679448813199997e-06,0.550652540742606,0.6474609375
570,10,3,0.0020942695414584776,0.5598646998405457,8.68224948644638e-06,0.5598733820900321,0.63525390625
571,10,4,0.002092434876593436,0.5387783646583557,8.689286559820175e-06,0.5387870539449156,0.64794921875
572,10,5,0.002090605025017727,0.5037858486175537,8.69600772857666e-06,0.5037945446252823,0.623046875
573,10,6,0.002088779965721784,0.5493925213813782,8.70121642947197e-06,0.5494012225978077,0.64501953125
574,10,7,0.002086959677824206,0.5591597557067871,8.704821765422821e-06,0.5591684605285525,0.634765625
575,10,8,0.002085144140570748,0.5267155170440674,8.707404881715775e-06,0.5267242244489491,0.62451171875
576,10,9,0.0020833333333333333,0.535319447517395,8.711586892604829e-06,0.5353281591042877,0.6328125
577,10,10,0.0020815272356090667,0.5392534136772156,8.712933212518692e-06,0.539262126610428,0.62353515625
578,10,11,0.0020797258270192575,0.5564365983009338,8.715535700321198e-06,0.5564453138366342,0.62548828125
579,10,12,0.002077929087308457,0.5205531120300293,8.721775561571121e-06,0.5205618338055908,0.63671875
580,10,13,0.002076136996343499,0.5009549856185913,8.728674799203874e-06,0.5009637142933905,0.62841796875
581,10,14,0.002074349534112556,0.5316529870033264,8.731416612863541e-06,0.5316617184199393,0.6220703125
582,10,15,0.002072566680724196,0.5750010013580322,8.732905238866806e-06,0.5750097342632711,0.638671875
583,10,16,0.0020707884164064554,0.5671098828315735,8.735080063343049e-06,0.5671186179116369,0.6455078125
584,10,17,0.0020690147215059198,0.5658472776412964,8.73771905899048e-06,0.5658560153603553,0.64404296875
585,10,18,0.002067245576486808,0.5260365009307861,8.741574734449387e-06,0.5260452425055205,0.62841796875
586,10,19,0.002065480961930069,0.5425295233726501,8.744569122791291e-06,0.542538267941773,0.64453125
587,10,20,0.00206372085853249,0.5313389897346497,8.74873548746109e-06,0.5313477384701372,0.62646484375
588,10,21,0.0020619652471058065,0.5676149129867554,8.751415461301804e-06,0.5676236644022167,0.63671875
589,10,22,0.002060214108575823,0.523091733455658,8.757282048463823e-06,0.5231004907377064,0.63671875
590,10,23,0.0020584674239815456,0.5415497422218323,8.761290460824966e-06,0.5415585035122931,0.64208984375
591,10,24,0.002056725174474318,0.5167509317398071,8.766081184148788e-06,0.5167596978209913,0.61669921875
592,10,25,0.0020549873413169663,0.551792323589325,8.766891062259674e-06,0.5518010904803872,0.62548828125
593,10,26,0.0020532539058829547,0.5231644511222839,8.77143442630768e-06,0.5231732225567103,0.625
594,10,27,0.0020515248496555455,0.5039026141166687,8.776269853115082e-06,0.5039113903865218,0.61767578125
595,10,28,0.0020498001542269694,0.5360975861549377,8.778585493564606e-06,0.5361063647404313,0.63671875
596,10,29,0.0020480798012976016,0.536319375038147,8.782982081174851e-06,0.5363281580202282,0.6220703125
597,10,30,0.0020463637726751455,0.5346828699111938,8.786623179912567e-06,0.5346916565343738,0.63916015625
598,10,31,0.002044652050273827,0.5315264463424683,8.788879960775376e-06,0.5315352352224291,0.62548828125
599,10,32,0.0020429446161135925,0.5330804586410522,8.791551738977432e-06,0.5330892501927912,0.630859375
600,10,33,0.0020412414523193153,0.5590947270393372,8.794163912534715e-06,0.5591035212032497,0.63330078125
601,10,34,0.0020395425411200104,0.5490211248397827,8.798103779554367e-06,0.5490299229435622,0.62744140625
602,10,35,0.002037847864848056,0.5398465394973755,8.801765739917756e-06,0.5398553412631154,0.6259765625
603,10,36,0.0020361574059384207,0.5595061779022217,8.804614841938019e-06,0.5595149825170637,0.63232421875
604,10,37,0.0020344711469278986,0.5324676036834717,8.807911723852159e-06,0.5324764115951955,0.63818359375
605,10,38,0.0020327890704543543,0.5496703386306763,8.811891824007034e-06,0.5496791505225003,0.6396484375
606,10,39,0.002031111159255969,0.5656061172485352,8.814322203397752e-06,0.5656149315707385,0.62890625
607,10,40,0.0020294373961704973,0.5464596748352051,8.815772831439972e-06,0.5464684906080365,0.63330078125
608,10,41,0.002027767764134532,0.5434932708740234,8.81829485297203e-06,0.5435020891688764,0.634765625
609,10,42,0.0020261022461827696,0.5390349626541138,8.821540325880051e-06,0.5390437841944397,0.6357421875
610,10,43,0.00202444082544729,0.5655639171600342,8.824019134044647e-06,0.5655727411791682,0.61865234375
611,10,44,0.0020227834851568372,0.5376940369606018,8.82658064365387e-06,0.5377028635412454,0.63525390625
612,10,45,0.0020211302086361083,0.5334683060646057,8.829828351736069e-06,0.5334771358929574,0.62548828125
613,10,46,0.0020194809793050487,0.527331531047821,8.834786713123322e-06,0.5273403658345341,0.626953125
614,10,47,0.0020178357806781544,0.5515353083610535,8.836578577756881e-06,0.5515441449396312,0.634765625
615,10,48,0.0020161945963637798,0.5173577070236206,8.84111523628235e-06,0.5173665481388569,0.6220703125
616,10,49,0.002014557410063451,0.588515043258667,8.84321853518486e-06,0.5885238864772022,0.638671875
617,10,50,0.0020129242055711865,0.5379796624183655,8.846746385097504e-06,0.5379885091647506,0.62841796875
618,10,51,0.0020112949667728244,0.5495175123214722,8.850307017564775e-06,0.5495263626284898,0.64794921875
619,10,52,0.002009669677645352,0.5115638971328735,8.854901045560837e-06,0.511572752033919,0.63134765625
620,10,53,0.0020080483222562474,0.5743063688278198,8.855739235877992e-06,0.5743152245670557,0.63623046875
621,10,54,0.0020064308847628203,0.5564754009246826,8.859110623598099e-06,0.5564842600353063,0.64990234375
622,10,55,0.002004817349411564,0.5253956317901611,8.863045275211334e-06,0.5254044948354364,0.62744140625
623,10,56,0.00200320770053751,0.5469689965248108,8.866429328918458e-06,0.5469778629541397,0.63330078125
624,10,57,0.0020016019225635893,0.5653142333030701,8.869069069623948e-06,0.5653231023721397,0.64404296875
625,10,58,0.002,0.545982301235199,8.87226164340973e-06,0.5459911734968423,0.6279296875
626,10,59,0.001998401917443579,0.5410932898521423,8.876182138919831e-06,0.5411021660342813,0.62890625
627,10,60,0.0019968076595771795,0.5285859107971191,8.882001042366028e-06,0.5285947927981615,0.62646484375
628,10,61,0.0019952172111690554,0.5265282988548279,8.886120468378067e-06,0.5265371849752962,0.626953125
629,10,62,0.00199363055707225,0.5528069734573364,8.889210224151611e-06,0.5528158626675606,0.62255859375
630,10,63,0.00199204768222399,0.5334680080413818,8.892814815044403e-06,0.5334769008561969,0.6275659824046921
631,11,1,0.0019904685716450824,0.5398576855659485,8.896680921316147e-06,0.5398665822468698,0.64794921875
632,11,2,0.001988893210439325,0.5503877401351929,8.899951726198197e-06,0.550396640086919,0.63623046875
633,11,3,0.0019873215837929105,0.5362902283668518,8.903031051158905e-06,0.536299131397903,0.62890625
634,11,4,0.001985753676973844,0.5295675992965698,8.906000852584839e-06,0.5295765052974224,0.62548828125
635,11,5,0.0019841894753313627,0.5196273326873779,8.909716457128526e-06,0.5196362424038351,0.61572265625
636,11,6,0.0019826289642953603,0.5267868041992188,8.911936730146409e-06,0.5267957161359489,0.61181640625
637,11,7,0.0019810721293758186,0.5432431101799011,8.915842324495315e-06,0.5432520260222257,0.62646484375
638,11,8,0.0019795189561622397,0.5126808285713196,8.921498805284501e-06,0.5126897500701249,0.63330078125
639,11,9,0.001977969430323089,0.5531882643699646,8.925023674964905e-06,0.5531971893936396,0.62744140625
640,11,10,0.001976423537605237,0.5380882620811462,8.92770141363144e-06,0.5380971897825598,0.6484375
641,11,11,0.001974881263833411,0.5433717966079712,8.932075649499894e-06,0.5433807286836206,0.62451171875
642,11,12,0.001973342594909646,0.5385318994522095,8.93593728542328e-06,0.5385408353894949,0.64501953125
643,11,13,0.0019718075168127474,0.5384865999221802,8.938272297382355e-06,0.5384955381944776,0.63037109375
644,11,14,0.001970276015597752,0.5421125888824463,8.94254893064499e-06,0.542121531431377,0.62548828125
645,11,15,0.0019687480773953945,0.5378022193908691,8.948613703250885e-06,0.5378111680045724,0.6484375
646,11,16,0.0019672236884115844,0.5523673295974731,8.950071781873703e-06,0.5523762796692551,0.62939453125
647,11,17,0.0019657028349268787,0.5300031304359436,8.951708674430848e-06,0.530012082144618,0.61279296875
648,11,18,0.0019641855032959655,0.5433194041252136,8.954425156116485e-06,0.5433283585503698,0.63232421875
649,11,19,0.001962671679947149,0.5433836579322815,8.957415819168092e-06,0.5433926153481007,0.61328125
650,11,20,0.0019611613513818406,0.5367392897605896,8.961394429206848e-06,0.5367482511550188,0.634765625
651,11,21,0.0019596545041740514,0.5052618384361267,8.965889364480972e-06,0.5052708043254912,0.60400390625
652,11,22,0.0019581511249698934,0.5179558396339417,8.969566971063614e-06,0.5179648092009127,0.60498046875
653,11,23,0.0019566512004870807,0.514808714389801,8.972451835870744e-06,0.5148176868416369,0.6044921875
654,11,24,0.001955154717514438,0.5563977956771851,8.975660800933838e-06,0.556406771337986,0.64892578125
655,11,25,0.001953661662911409,0.5505111217498779,8.977731317281724e-06,0.5505200994811952,0.6357421875
656,11,26,0.001952172023607576,0.5407310724258423,8.980800211429597e-06,0.5407400532260537,0.62158203125
657,11,27,0.0019506857866021762,0.5648608207702637,8.984316885471345e-06,0.5648698050871491,0.63818359375
658,11,28,0.0019492029389636264,0.5064620971679688,8.989505469799043e-06,0.5064710866734385,0.62255859375
659,11,29,0.0019477234678290495,0.564487874507904,8.992262929677963e-06,0.5644968667708338,0.62548828125
660,11,30,0.0019462473604038074,0.5288254022598267,8.997096866369247e-06,0.5288343993566931,0.6337890625
661,11,31,0.001944774603961035,0.5690091252326965,9.000167995691299e-06,0.5690181254006922,0.63916015625
662,11,32,0.0019433051858411795,0.5078563690185547,9.004061669111252e-06,0.5078653730802238,0.61083984375
663,11,33,0.0019418390934515435,0.5310918092727661,9.007492661476136e-06,0.5311008167654276,0.6103515625
664,11,34,0.001940376314265832,0.5299469828605652,9.012311697006226e-06,0.5299559951722622,0.62548828125
665,11,35,0.0019389168358237034,0.5507222414016724,9.014403074979783e-06,0.5507312558047474,0.6337890625
666,11,36,0.0019374606457303214,0.5415637493133545,9.01862606406212e-06,0.5415727679394186,0.64453125
667,11,37,0.001936007731655916,0.5539681911468506,9.021864086389541e-06,0.5539772130109369,0.62255859375
668,11,38,0.0019345580813353422,0.5539979934692383,9.024039655923844e-06,0.5540070175088943,0.62646484375
669,11,39,0.0019331116825676477,0.5314643979072571,9.02520939707756e-06,0.5314734231166541,0.62548828125
670,11,40,0.0019316685232156395,0.5356444120407104,9.028374403715134e-06,0.5356534404151142,0.62744140625
671,11,41,0.0019302285912054574,0.5662367343902588,9.029634296894074e-06,0.5662457640245557,0.63623046875
672,11,42,0.001928791874526149,0.5509033799171448,9.03252437710762e-06,0.5509124124415219,0.6318359375
673,11,43,0.0019273583612292495,0.5700291991233826,9.032592922449112e-06,0.570038231716305,0.63525390625
674,11,44,0.0019259280394283635,0.5819423794746399,9.033782035112381e-06,0.581951413256675,0.642578125
675,11,45,0.0019245008972987527,0.5545052886009216,9.036118537187578e-06,0.5545143247194588,0.62939453125
676,11,46,0.0019230769230769232,0.5170654058456421,9.040466696023942e-06,0.5170744463123381,0.6005859375
677,11,47,0.0019216561050602197,0.5322093963623047,9.04276967048645e-06,0.5322184391319752,0.6025390625
678,11,48,0.0019202384316064215,0.5519521236419678,9.044457226991654e-06,0.5519611680991947,0.62255859375
679,11,49,0.0019188238911333408,0.5096485614776611,9.049252420663835e-06,0.5096576107300818,0.6298828125
680,11,50,0.001917412472118426,0.5227925777435303,9.053813666105272e-06,0.5228016315571964,0.61376953125
681,11,51,0.0019160041630983684,0.569831907749176,9.055303037166596e-06,0.5698409630522132,0.64892578125
682,11,52,0.0019145989526687089,0.5075003504753113,9.060905873775482e-06,0.5075094113811851,0.61279296875
683,11,53,0.0019131968294834527,0.5393751263618469,9.06415954232216e-06,0.5393841905213892,0.61767578125
684,11,54,0.0019117977822546814,0.5300305485725403,9.067408740520478e-06,0.5300396159812808,0.61669921875
685,11,55,0.0019104017997521754,0.5530222058296204,9.069532155990602e-06,0.5530312753617763,0.63037109375
686,11,56,0.0019090088708030315,0.5551278591156006,9.071241319179536e-06,0.5551369303569198,0.626953125
687,11,57,0.0019076189842912893,0.5461097359657288,9.07377228140831e-06,0.5461188097380102,0.6318359375
688,11,58,0.0019062321291575585,0.5129620432853699,9.077946096658706e-06,0.5129711212314665,0.62060546875
689,11,59,0.0019048482943986485,0.5481826066970825,9.079555422067643e-06,0.5481916862525046,0.61962890625
690,11,60,0.0019034674690672024,0.5808174014091492,9.081344306468964e-06,0.5808264827534556,0.6376953125
691,11,61,0.0019020896422713338,0.5121369361877441,9.086718410253525e-06,0.5121460229061544,0.6201171875
692,11,62,0.0019007148031742638,0.5577247738838196,9.090081602334977e-06,0.5577338639654219,0.63720703125
693,11,63,0.001899342940993966,0.5723448395729065,9.089729189872742e-06,0.5723539293020964,0.6334310850439883
694,12,1,0.0018979740450028085,0.5258772373199463,9.092861413955688e-06,0.5258863301813602,0.61865234375
695,12,2,0.0018966081045272039,0.577564001083374,9.096404165029525e-06,0.577573097487539,0.64404296875
696,12,3,0.0018952451089472586,0.5223811268806458,9.099429845809937e-06,0.5223902263104916,0.61328125
697,12,4,0.0018938850476964257,0.560335636138916,9.100519865751266e-06,0.5603447366587818,0.62060546875
698,12,5,0.0018925279102611616,0.527284562587738,9.10349190235138e-06,0.5272936660796403,0.63037109375
699,12,6,0.0018911736861805845,0.5382808446884155,9.105137735605241e-06,0.5382899498261511,0.60888671875
700,12,7,0.0018898223650461363,0.5518657565116882,9.107765555381775e-06,0.5518748642772436,0.63427734375
701,12,8,0.001888473936501245,0.5428656339645386,9.112067520618439e-06,0.5428747460320592,0.638671875
702,12,9,0.001887128390240993,0.5379506945610046,9.113773703575134e-06,0.5379598083347082,0.61669921875
703,12,10,0.0018857857160117857,0.5323985815048218,9.11516770720482e-06,0.532407696672529,0.6123046875
704,12,11,0.0018844459036110228,0.5324370265007019,9.11959782242775e-06,0.5324461460985244,0.62255859375
705,12,12,0.0018831089428867737,0.5369428992271423,9.122630208730699e-06,0.536952021857351,0.6259765625
706,12,13,0.0018817748237374536,0.5505542159080505,9.124191105365754e-06,0.5505633400991559,0.6396484375
707,12,14,0.0018804435361115038,0.5317144989967346,9.126252681016922e-06,0.5317236252494156,0.61865234375
708,12,15,0.0018791150700070724,0.5394959449768066,9.130816161632537e-06,0.5395050757929682,0.6337890625
709,12,16,0.0018777894154716993,0.5435817241668701,9.13306623697281e-06,0.5435908572331071,0.63330078125
710,12,17,0.0018764665626020039,0.5599192976951599,9.13461595773697e-06,0.5599284323111177,0.646484375
711,12,18,0.0018751465015433733,0.5425325632095337,9.139476716518403e-06,0.5425417026862502,0.64013671875
712,12,19,0.0018738292224896537,0.5470898747444153,9.141761809587478e-06,0.5470990165062248,0.61376953125
713,12,20,0.0018725147156828455,0.5377604961395264,9.145236015319824e-06,0.5377696413755417,0.61962890625
714,12,21,0.0018712029714127994,0.5199427008628845,9.149232506752014e-06,0.5199518500953912,0.63134765625
715,12,22,0.0018698939800169143,0.548509955406189,9.152326732873917e-06,0.5485191077329218,0.61279296875
716,12,23,0.0018685877318798398,0.534820020198822,9.155363589525224e-06,0.5348291755624115,0.61962890625
717,12,24,0.0018672842174331777,0.5561461448669434,9.155645221471788e-06,0.5561553005121649,0.62548828125
718,12,25,0.0018659834271551898,0.5476535558700562,9.157171845436097e-06,0.5476627130419016,0.62158203125
719,12,26,0.0018646853515705039,0.5421106815338135,9.159969538450241e-06,0.5421198415033519,0.6171875
720,12,27,0.0018633899812498247,0.5418075323104858,9.163428843021393e-06,0.5418166957393289,0.6123046875
721,12,28,0.0018620973068096468,0.5350970029830933,9.166737645864487e-06,0.5351061697207391,0.6171875
722,12,29,0.0018608073189119673,0.5421915054321289,9.168384969234467e-06,0.5422006738170981,0.6123046875
723,12,30,0.0018595200082640046,0.5099157691001892,9.172315895557404e-06,0.5099249414160848,0.619140625
724,12,31,0.001858235365617916,0.5137926936149597,9.17634516954422e-06,0.5138018699601292,0.61572265625
725,12,32,0.0018569533817705188,0.5448632836341858,9.178767353296281e-06,0.5448724624015391,0.61669921875
726,12,33,0.0018556740475630137,0.5432294011116028,9.182358533143998e-06,0.5432385834701359,0.6240234375
727,12,34,0.0018543973538807101,0.5370433926582336,9.184107929468155e-06,0.5370525767661631,0.60546875
728,12,35,0.001853123291652753,0.5516694188117981,9.186161309480667e-06,0.5516786049731076,0.61181640625
729,12,36,0.001851851851851852,0.5254189968109131,9.188193827867508e-06,0.525428185004741,0.62109375
730,12,37,0.0018505830254940132,0.5161482691764832,9.191375970840455e-06,0.516157460552454,0.6123046875
731,12,38,0.0018493168036382728,0.5482719540596008,9.195658564567567e-06,0.5482811497181654,0.63232421875
732,12,39,0.0018480531773864323,0.4842963218688965,9.201493114233017e-06,0.4843055233620107,0.6025390625
733,12,40,0.0018467921378827945,0.546025812625885,9.202907979488374e-06,0.5460350155338645,0.6064453125
734,12,41,0.0018455336763139056,0.49968576431274414,9.206438809633256e-06,0.4996949707515538,0.60498046875
735,12,42,0.001844277783908294,0.5473784804344177,9.208158403635026e-06,0.5473876885928214,0.61181640625
736,12,43,0.0018430244519362143,0.5575679540634155,9.212517738342286e-06,0.5575771665811539,0.634765625
737,12,44,0.0018417736717093933,0.5425482392311096,9.21655148267746e-06,0.5425574557825923,0.63037109375
738,12,45,0.0018405254345807759,0.5133190155029297,9.219899773597718e-06,0.5133282354027033,0.60595703125
739,12,46,0.0018392797319442744,0.5631605982780457,9.222929924726487e-06,0.5631698212079704,0.62060546875
740,12,47,0.0018380365552345193,0.5080037117004395,9.227187931537628e-06,0.508012938888371,0.60986328125
741,12,48,0.0018367958959266129,0.5709455609321594,9.22735333442688e-06,0.5709547882854938,0.62158203125
742,12,49,0.0018355577455358809,0.5192922949790955,9.232423454523087e-06,0.51930152740255,0.619140625
743,12,50,0.0018343220956176325,0.5292830467224121,9.237992018461227e-06,0.5292922847144306,0.62939453125
744,12,51,0.0018330889377669163,0.5293424725532532,9.241119027137757e-06,0.5293517136722803,0.62841796875
745,12,52,0.0018318582636182793,0.5328631401062012,9.243139624595642e-06,0.5328723832458258,0.62109375
746,12,53,0.0018306300648455313,0.5421203374862671,9.246020764112473e-06,0.5421295835070312,0.638671875
747,12,54,0.001829404333161506,0.5534428358078003,9.248219430446625e-06,0.5534520840272308,0.6337890625
748,12,55,0.0018281810603178266,0.5452067852020264,9.25249308347702e-06,0.5452160376951098,0.63330078125
749,12,56,0.001826960238104674,0.5862313508987427,9.25237387418747e-06,0.5862406032726168,0.630859375
750,12,57,0.0018257418583505537,0.5257375240325928,9.25610288977623e-06,0.5257467801354826,0.625
751,12,58,0.001824525912922067,0.537401020526886,9.257640689611436e-06,0.5374102781675756,0.6044921875
752,12,59,0.001823312393723682,0.5656518936157227,9.259078651666642e-06,0.5656611526943743,0.61767578125
753,12,60,0.001822101292697509,0.5206124782562256,9.261665493249893e-06,0.5206217399217188,0.61865234375
754,12,61,0.0018208926018230744,0.5556060671806335,9.265264123678207e-06,0.5556153324447572,0.6396484375
755,12,62,0.0018196863131170976,0.5439963936805725,9.268669784069062e-06,0.5440056623503566,0.6318359375
756,12,63,0.00181848241863327,0.5593653321266174,9.27199050784111e-06,0.5593746041171253,0.6275659824046921
